player,pos,age,team_id,g,mp,pts,trb,ast,fg_pct,fg3_pct,efg_pct,stl,blk,tov
Luka Dončić,PG,26,LAL,63,35.9,33.8,7.8,8.3,.477,.368,.564,1.7,0.5,4.0
Shai Gilgeous-Alexander,PG,27,OKC,64,33.5,31.6,4.4,6.5,.553,.382,.596,1.4,0.8,2.2
Anthony Edwards,SG,24,MIN,59,35.3,29.3,5.1,3.7,.493,.404,.577,1.4,0.8,2.8
Tyrese Maxey,PG,25,PHI,63,38.4,28.8,4.2,6.7,.461,.372,.536,2.0,0.8,2.4
Jaylen Brown,SF,29,BOS,66,34.4,28.6,7.1,5.2,.474,.342,.518,1.0,0.4,3.6
Kawhi Leonard,SF,34,LAC,60,32.1,28.1,6.4,3.6,.503,.380,.570,2.0,0.5,2.1
Nikola Jokić,C,30,DEN,60,34.9,27.9,12.9,10.8,.573,.388,.625,1.4,0.8,3.8
Donovan Mitchell,SG,29,CLE,67,33.4,27.7,4.4,5.7,.479,.363,.560,1.5,0.3,2.8
Giannis Antetokounmpo,PF,31,MIL,36,28.9,27.6,9.8,5.4,.624,.333,.636,0.9,0.7,3.2
Stephen Curry,PG,37,GSW,39,31.3,27.2,3.5,4.8,.468,.391,.585,1.1,0.4,2.8
Joel Embiid,C,31,PHI,36,31.3,26.9,7.4,3.9,.495,.340,.533,0.6,1.1,2.9
Lauri Markkanen,PF,28,UTA,42,34.4,26.7,6.9,2.1,.477,.355,.548,1.0,0.5,1.5
Jalen Brunson,PG,29,NYK,70,35.0,26.1,3.4,6.7,.465,.371,.531,0.8,0.1,2.4
Kevin Durant,SF,37,HOU,72,36.4,25.9,5.4,4.6,.518,.409,.585,0.8,0.9,3.2
Devin Booker,SG,29,PHO,60,33.3,25.8,3.9,6.0,.457,.327,.508,0.8,0.3,3.2
Jamal Murray,PG,28,DEN,71,35.2,25.5,4.4,7.2,.484,.428,.571,0.9,0.4,2.3
Cade Cunningham,PG,24,DET,61,34.4,24.5,5.6,9.9,.461,.346,.515,1.5,0.9,3.7
Victor Wembanyama,C,22,SAS,60,29.3,24.5,11.4,3.1,.504,.351,.562,1.1,3.1,2.5
Michael Porter Jr.,SF,27,BRK,52,32.5,24.2,7.1,3.0,.463,.363,.555,1.1,0.3,2.3
Deni Avdija,SF,25,POR,61,33.1,23.9,7.0,6.7,.460,.318,.519,0.8,0.6,3.8
Pascal Siakam,PF,31,IND,60,33.4,23.8,6.7,3.8,.480,.358,.526,1.1,0.4,2.3
James Harden,PG,36,2TM,66,35.0,23.7,4.9,8.1,.434,.372,.529,1.1,0.4,3.5
James Harden,PG,36,LAC,44,35.4,25.4,4.8,8.1,.419,.347,.506,1.3,0.4,3.7
James Harden,PG,36,CLE,22,34.0,20.3,5.1,8.1,.476,.437,.590,0.8,0.5,3.2
Keyonte George,PG,22,UTA,54,33.1,23.6,3.7,6.1,.456,.371,.532,1.1,0.3,3.1
Austin Reaves,SG,27,LAL,50,34.7,23.4,4.7,5.6,.489,.357,.566,1.1,0.4,2.9
Jalen Johnson,SF,24,ATL,67,35.4,22.9,10.2,8.1,.493,.354,.543,1.3,0.4,3.4
Paolo Banchero,PF,23,ORL,65,35.0,22.6,8.3,5.1,.458,.310,.496,0.6,0.6,3.0
Norman Powell,SG,32,MIA,55,30.1,22.1,3.6,2.6,.473,.384,.560,1.1,0.3,1.9
Trey Murphy III,SF,25,NOP,64,35.5,21.7,5.7,3.8,.471,.383,.574,1.5,0.3,1.8
Tyler Herro,SG,26,MIA,29,31.4,21.6,4.7,3.8,.486,.381,.566,0.8,0.4,1.9
Brandon Ingram,SF,28,TOR,71,34.0,21.4,5.5,3.6,.471,.374,.523,0.8,0.7,2.5
Shaedon Sharpe,SG,22,POR,48,30.0,21.4,4.4,2.6,.456,.340,.515,1.4,0.1,3.0
Franz Wagner,SF,24,ORL,28,31.8,21.3,5.8,3.6,.479,.365,.528,1.1,0.3,1.7
Zion Williamson,PF,25,NOP,59,29.7,21.3,5.7,3.2,.604,.250,.605,1.0,0.5,2.0
Julius Randle,PF,31,MIN,75,33.1,21.0,6.8,5.1,.477,.312,.522,1.1,0.2,2.7
Jayson Tatum,PF,27,BOS,11,31.0,20.9,9.1,4.2,.399,.323,.480,1.1,0.2,2.0
LeBron James,SF,41,LAL,55,33.5,20.7,6.0,7.0,.512,.314,.553,1.1,0.6,3.0
Dillon Brooks,SF,30,PHO,51,30.4,20.6,3.7,1.7,.438,.343,.505,1.0,0.2,1.8
Alperen Şengün,C,23,HOU,66,33.5,20.5,8.9,6.2,.518,.308,.536,1.2,1.1,3.2
Nickeil Alexander-Walker,SG,27,ATL,73,33.2,20.4,3.5,3.8,.450,.391,.552,1.3,0.5,2.0
Anthony Davis,PF,32,DAL,20,31.3,20.4,11.1,2.8,.506,.270,.521,1.1,1.7,2.1
Brandon Miller,SF,23,CHO,59,30.2,20.4,5.0,3.4,.435,.390,.534,1.0,0.7,2.7
Desmond Bane,SG,27,ORL,75,34.2,20.3,4.2,4.2,.485,.389,.553,1.0,0.4,2.0
Cooper Flagg,SF,19,DAL,64,33.8,20.3,6.6,4.5,.467,.278,.496,1.2,0.9,2.4
Bam Adebayo,C,28,MIA,67,32.3,20.1,10.0,3.0,.438,.310,.492,1.1,0.7,1.7
Karl-Anthony Towns,C,30,NYK,71,31.0,20.1,11.9,2.8,.494,.368,.549,0.9,0.5,2.5
Jimmy Butler,SF,36,GSW,38,31.1,20.0,5.6,4.9,.519,.376,.554,1.4,0.2,1.6
Ty Jerome,SG,28,MEM,15,22.6,19.7,2.8,5.7,.474,.420,.572,1.1,0.3,1.8
LaMelo Ball,PG,24,CHO,66,27.8,19.6,4.8,7.1,.402,.365,.509,1.2,0.2,2.8
Jalen Duren,C,22,DET,65,28.1,19.5,10.6,1.8,.647,0.0,.647,0.8,0.9,1.8
Ja Morant,PG,26,MEM,20,28.5,19.5,3.3,8.1,.410,.235,.441,1.0,0.3,3.6
Jaren Jackson Jr.,C,26,2TM,48,30.3,19.4,5.7,2.0,.476,.357,.534,1.1,1.4,2.2
Jaren Jackson Jr.,C,26,MEM,45,30.7,19.2,5.8,1.9,.475,.359,.534,1.0,1.5,2.2
Jaren Jackson Jr.,C,26,UTA,3,24.0,22.3,4.3,2.7,.490,.333,.541,2.0,0.3,2.3
Zach LaVine,SG,30,SAC,39,31.4,19.2,2.8,2.3,.479,.390,.569,0.7,0.3,1.9
Darius Garland,PG,26,2TM,40,29.9,19.1,2.4,6.9,.469,.416,.566,0.9,0.2,3.0
Darius Garland,PG,26,CLE,26,30.5,18.0,2.4,6.9,.451,.360,.529,0.8,0.1,2.8
Darius Garland,PG,26,LAC,14,28.8,21.2,2.2,6.8,.502,.500,.631,1.1,0.2,3.4
RJ Barrett,SF,25,TOR,51,30.0,19.1,5.3,3.3,.497,.341,.557,0.8,0.3,1.7
Kon Knueppel,SF,20,CHO,75,31.5,18.8,5.4,3.4,.482,.431,.610,0.7,0.2,2.0
CJ McCollum,PG,34,2TM,71,29.8,18.8,3.4,3.8,.454,.369,.536,0.8,0.4,1.8
CJ McCollum,SG,34,WAS,35,30.9,18.8,3.5,3.6,.454,.393,.544,0.7,0.3,1.7
CJ McCollum,PG,34,ATL,36,28.7,18.7,3.2,4.0,.454,.343,.527,0.8,0.6,1.9
De'Aaron Fox,PG,28,SAS,65,31.0,18.6,3.7,6.2,.487,.336,.550,1.2,0.3,2.3
Jerami Grant,PF,31,POR,57,29.7,18.6,3.5,2.1,.453,.389,.547,0.7,0.6,2.1
Bennedict Mathurin,SF,23,2TM,48,30.8,18.5,5.5,2.3,.435,.321,.492,0.8,0.3,2.2
Bennedict Mathurin,SF,23,IND,28,31.8,17.8,5.4,2.3,.433,.372,.514,0.6,0.1,2.3
Bennedict Mathurin,SF,23,LAC,20,29.4,19.5,5.6,2.3,.437,.206,.463,1.0,0.4,2.1
DeMar DeRozan,PF,36,SAC,74,31.6,18.5,3.0,4.1,.495,.310,.518,1.1,0.3,1.3
Scottie Barnes,PF,24,TOR,73,33.8,18.4,7.6,5.8,.505,.302,.536,1.4,1.5,2.7
Evan Mobley,PF,24,CLE,61,32.1,18.2,8.9,3.6,.544,.302,.582,0.8,1.8,1.9
Jalen Green,SG,23,PHO,28,25.8,18.0,3.7,2.8,.417,.316,.489,1.1,0.1,2.1
Trae Young,PG,27,2TM,15,25.6,17.9,2.0,8.0,.458,.338,.534,0.9,0.1,2.6
Trae Young,PG,27,ATL,10,28.0,19.3,1.5,8.9,.415,.305,.481,1.0,0.1,2.6
Trae Young,PG,27,WAS,5,20.8,15.2,3.0,6.2,.595,.429,.702,0.6,0.2,2.6
Amen Thompson,PG,23,HOU,73,37.3,17.9,7.8,5.3,.524,.223,.537,1.5,0.6,2.4
Coby White,SG,25,2TM,45,25.8,17.6,3.6,4.2,.443,.349,.533,0.6,0.1,2.6
Coby White,SG,25,CHI,29,29.1,18.6,3.7,4.7,.438,.346,.529,0.7,0.1,3.0
Coby White,SG,25,CHO,16,20.0,15.7,3.3,3.3,.456,.356,.541,0.3,0.2,1.8
Saddiq Bey,SF,26,NOP,69,31.1,17.4,5.6,2.6,.452,.366,.531,0.9,0.1,1.0
Kevin Porter Jr.,PG,25,MIL,38,33.2,17.4,5.2,7.4,.465,.322,.510,2.2,0.5,2.9
Kristaps Porziņģis,C,30,2TM,28,23.9,17.3,4.9,2.6,.454,.366,.530,0.6,1.3,1.3
Kristaps Porziņģis,C,30,ATL,17,24.3,17.1,5.1,2.7,.457,.360,.531,0.5,1.3,0.9
Kristaps Porziņģis,C,30,GSW,11,23.2,17.6,4.5,2.5,.449,.373,.529,0.7,1.3,1.7
Dejounte Murray,PG,29,NOP,13,27.8,17.3,5.2,6.5,.488,.317,.544,1.6,0.2,3.2
Jalen Williams,SG,24,OKC,30,28.5,17.3,4.5,5.3,.482,.301,.508,1.2,0.3,1.9
Josh Giddey,PG,23,CHI,53,32.2,17.2,8.4,9.2,.451,.369,.524,1.0,0.5,3.6
Grayson Allen,SG,30,PHO,47,29.5,17.1,3.0,4.0,.405,.352,.526,1.4,0.3,1.6
Miles Bridges,PF,27,CHO,71,31.3,17.1,5.8,3.2,.453,.323,.522,0.6,0.4,1.4
Ryan Rollins,PG,23,MIL,72,32.1,17.1,4.6,5.6,.470,.407,.560,1.5,0.4,2.7
Chet Holmgren,PF,23,OKC,65,29.3,17.0,8.9,1.7,.551,.348,.605,0.6,1.8,1.6
Payton Pritchard,PG,28,BOS,73,32.5,17.0,4.0,5.2,.459,.370,.554,0.7,0.1,1.4
Derrick White,SG,31,BOS,71,34.3,17.0,4.5,5.5,.391,.321,.483,1.2,1.4,1.8
Andrew Nembhard,PG,26,IND,57,31.3,16.9,2.8,7.7,.442,.361,.513,0.9,0.1,2.4
Immanuel Quickley,PG,26,TOR,67,32.4,16.9,4.1,6.0,.445,.374,.543,1.3,0.1,1.5
Paul George,PF,35,PHI,30,30.7,16.8,5.4,3.6,.429,.385,.525,1.6,0.5,1.6
Stephon Castle,PG,21,SAS,63,29.7,16.7,5.2,7.2,.471,.323,.520,1.2,0.3,3.2
Aaron Gordon,PF,30,DEN,32,27.6,16.6,5.9,2.5,.501,.399,.578,0.6,0.3,1.1
OG Anunoby,PF,28,NYK,62,33.3,16.5,5.1,2.2,.484,.377,.577,1.6,0.7,1.9
Matas Buzelis,PF,21,CHI,74,29.3,16.4,5.7,2.0,.465,.357,.557,0.7,1.5,2.0
Alex Sarr,C,20,WAS,48,27.2,16.3,7.4,2.7,.482,.333,.520,0.8,2.0,1.7
Jrue Holiday,PG,35,POR,48,28.9,16.1,4.5,6.0,.458,.385,.555,1.1,0.1,2.8
VJ Edgecombe,SG,20,PHI,68,34.8,16.0,5.6,4.0,.436,.360,.511,1.4,0.5,1.8
Domantas Sabonis,C,29,SAC,19,29.7,15.8,11.4,4.1,.543,.185,.554,0.9,0.2,2.7
Nikola Vučević,C,35,2TM,60,29.0,15.6,8.6,3.4,.496,.373,.558,0.6,0.7,1.3
Nikola Vučević,C,35,CHI,48,30.8,16.9,9.0,3.8,.505,.376,.567,0.7,0.6,1.4
Nikola Vučević,C,35,BOS,12,21.7,10.4,7.2,1.8,.445,.351,.505,0.4,0.8,0.9
Jabari Smith Jr.,PF,22,HOU,71,35.3,15.6,6.9,1.9,.451,.360,.541,0.8,0.9,1.4
Andrew Wiggins,SF,30,MIA,62,30.7,15.6,5.0,2.7,.475,.407,.555,1.2,1.0,1.5
Naji Marshall,SF,28,DAL,71,29.7,15.5,4.7,3.3,.516,.295,.555,1.1,0.1,1.6
Jarrett Allen,C,27,CLE,53,27.2,15.4,8.4,1.9,.643,.100,.644,1.0,0.8,1.3
Onyeka Okongwu,C,25,ATL,69,31.1,15.4,7.7,3.2,.484,.378,.569,1.1,1.1,1.7
Anthony Black,PG,22,ORL,60,30.7,15.3,3.9,3.8,.451,.339,.516,1.4,0.7,2.1
Russell Westbrook,SF,37,SAC,64,29.0,15.2,5.4,6.7,.427,.338,.503,1.3,0.2,3.3
Collin Sexton,SG,27,2TM,61,23.1,15.1,2.0,3.3,.488,.403,.567,1.0,0.1,2.0
Collin Sexton,SG,27,CHO,42,22.3,14.2,1.9,3.7,.488,.393,.557,0.9,0.2,2.1
Collin Sexton,SG,27,CHI,19,24.8,17.2,2.3,2.4,.489,.417,.585,1.3,0.1,1.8
Jaime Jaquez Jr.,SF,24,MIA,69,28.2,14.9,5.1,4.7,.498,.300,.527,0.7,0.3,2.0
Kyshawn George,SF,22,WAS,48,29.0,14.8,5.1,4.5,.438,.381,.524,1.0,0.9,2.6
Jaden McDaniels,PF,25,MIN,71,31.9,14.8,4.2,2.7,.518,.421,.584,1.1,1.0,1.8
Peyton Watson,SF,23,DEN,53,30.0,14.8,4.9,2.1,.490,.415,.560,0.9,1.2,1.7
Ayo Dosunmu,SG,26,2TM,64,26.8,14.6,3.4,3.7,.519,.446,.604,0.8,0.3,1.3
Ayo Dosunmu,SG,26,CHI,45,26.4,15.0,3.0,3.6,.514,.451,.604,0.8,0.3,1.4
Ayo Dosunmu,SG,26,MIN,19,27.9,13.5,4.3,3.7,.531,.431,.603,0.9,0.2,1.2
Mikal Bridges,SF,29,NYK,76,33.4,14.6,3.9,3.8,.487,.376,.569,1.3,0.8,1.0
Kelly Oubre Jr.,SF,30,PHI,43,32.3,14.5,5.0,1.7,.461,.358,.541,1.3,0.5,1.4
Walker Kessler,C,24,UTA,5,30.8,14.4,10.8,3.0,.703,.750,.784,1.4,1.8,3.2
Anfernee Simons,SG,26,2TM,55,24.9,14.3,2.5,2.4,.440,.385,.552,0.5,0.1,1.2
Anfernee Simons,SG,26,BOS,49,24.5,14.2,2.4,2.4,.440,.395,.555,0.6,0.1,1.1
Anfernee Simons,SG,26,CHI,6,28.3,15.2,2.8,3.0,.438,.320,.538,0.0,0.3,2.2
Brice Sensabaugh,SF,22,UTA,70,23.0,14.3,3.0,1.8,.457,.357,.549,0.7,0.1,1.5
Kennedy Chandler,PG,23,UTA,6,32.3,14.2,3.2,6.8,.431,.364,.486,1.0,0.2,2.3
Ivica Zubac,C,28,2TM,48,30.1,14.1,10.6,2.2,.598,0.0,.598,0.4,0.8,1.8
Ivica Zubac,C,28,LAC,43,30.9,14.4,11.0,2.2,.613,0.0,.613,0.4,0.8,1.9
Ivica Zubac,C,28,IND,5,23.6,11.6,7.2,1.8,.472,0.0,.472,0.4,0.8,0.8
Devin Vassell,SG,25,SAS,60,30.5,14.1,3.9,2.5,.440,.392,.552,0.9,0.4,0.9
P.J. Washington,PF,27,DAL,55,31.0,14.1,7.1,1.8,.448,.320,.504,1.0,1.1,1.7
Santi Aldama,PF,25,MEM,43,27.9,14.0,6.7,2.9,.479,.350,.553,0.9,0.7,1.3
Scoot Henderson,PG,21,POR,25,23.8,14.0,2.8,3.9,.414,.344,.495,0.7,0.3,2.6
Ajay Mitchell,SG,23,OKC,53,26.3,14.0,3.4,3.6,.488,.348,.539,1.3,0.3,1.5
Keegan Murray,PF,25,SAC,23,34.5,14.0,5.7,1.7,.420,.277,.472,1.0,1.6,1.2
Quentin Grimes,SG,25,PHI,68,30.1,13.8,3.7,3.5,.452,.332,.538,0.9,0.4,1.9
Tim Hardaway Jr.,SG,33,DEN,75,26.9,13.8,2.6,1.4,.450,.410,.594,0.5,0.1,0.6
Aaron Nesmith,SF,26,IND,45,29.7,13.8,4.2,1.9,.414,.379,.517,0.6,0.5,1.4
Jalen Suggs,PG,24,ORL,50,27.3,13.8,3.9,5.3,.439,.328,.528,1.8,0.7,2.7
De'Andre Hunter,SF,28,2TM,45,26.1,13.7,4.1,2.0,.415,.305,.490,0.7,0.1,1.7
De'Andre Hunter,SF,28,CLE,43,26.2,14.0,4.2,2.1,.423,.308,.499,0.7,0.1,1.7
De'Andre Hunter,SF,28,SAC,2,25.5,7.5,1.5,0.5,.211,.222,.263,0.0,0.0,2.0
Bobby Portis,PF,30,MIL,67,24.2,13.7,6.4,1.6,.488,.456,.578,0.6,0.2,1.0
Zach Edey,C,23,MEM,11,25.8,13.6,11.1,1.1,.633,.200,.638,0.6,1.9,2.4
Naz Reid,C,26,MIN,72,26.1,13.6,6.3,2.3,.459,.365,.554,1.0,1.0,1.6
Cam Thomas,SG,24,2TM,42,21.0,13.5,1.7,2.6,.410,.310,.466,0.2,0.1,1.8
Cam Thomas,SG,24,BRK,24,24.3,15.6,1.8,3.1,.399,.325,.461,0.2,0.1,2.0
Cam Thomas,SG,24,MIL,18,16.6,10.7,1.6,1.9,.431,.275,.477,0.3,0.1,1.4
Ace Bailey,SF,19,UTA,67,27.3,13.5,4.1,1.8,.445,.357,.525,0.8,0.7,1.4
John Collins,PF,28,LAC,63,27.5,13.5,5.2,1.0,.557,.411,.627,0.9,0.8,1.3
Reed Sheppard,SG,21,HOU,75,26.3,13.5,2.9,3.4,.428,.388,.544,1.5,0.7,1.6
Tre Jones,PG,26,CHI,58,27.0,13.4,3.1,5.5,.548,.316,.582,1.2,0.2,1.4
Cedric Coward,SG,22,MEM,58,25.9,13.3,6.1,2.8,.464,.333,.535,0.6,0.4,1.7
Tobias Harris,PF,33,DET,58,28.3,13.3,5.2,2.6,.461,.349,.521,0.9,0.4,1.0
Brandin Podziemski,SG,22,GSW,75,28.5,13.3,5.3,3.8,.448,.368,.536,1.1,0.2,1.6
Kyle Kuzma,PF,30,MIL,66,26.3,13.2,4.6,2.6,.491,.343,.551,0.7,0.4,1.6
Toumani Camara,PF,25,POR,77,33.1,13.1,5.2,2.5,.437,.363,.557,1.1,0.4,1.8
Collin Gillespie,PG,26,PHO,75,28.9,13.1,4.1,4.8,.423,.409,.563,1.3,0.2,1.6
Keldon Johnson,SF,26,SAS,75,23.2,13.1,5.3,1.4,.532,.382,.596,0.6,0.1,0.9
Jaylon Tyson,SG,23,CLE,64,27.0,13.1,5.1,2.2,.496,.455,.598,0.8,0.4,1.5
Jeremiah Fears,PG,19,NOP,76,24.9,13.0,3.5,3.3,.426,.332,.476,1.1,0.3,2.2
Sam Merrill,SG,29,CLE,49,26.4,12.9,2.6,2.3,.464,.425,.629,0.6,0.1,0.8
Jordan Poole,PG,26,NOP,37,23.6,12.9,1.9,3.0,.365,.326,.471,0.5,0.4,1.7
Brandon Williams,PG,26,DAL,64,22.1,12.9,2.9,3.8,.471,.238,.501,0.9,0.3,1.9
De'Anthony Melton,PG,27,GSW,43,22.9,12.7,3.2,2.5,.410,.284,.475,1.6,0.4,1.9
Malik Monk,SG,27,SAC,58,22.4,12.6,1.9,3.1,.432,.391,.528,0.6,0.4,1.4
Donte DiVincenzo,SG,29,MIN,75,30.9,12.5,4.3,4.0,.411,.385,.558,1.3,0.4,1.5
Jaylen Wells,SG,22,MEM,69,26.4,12.5,3.2,1.6,.431,.353,.524,0.9,0.1,1.1
Deandre Ayton,C,27,LAL,66,27.4,12.4,8.3,0.8,.675,0.0,.675,0.6,1.0,1.2
Noah Clowney,PF,21,BRK,65,27.1,12.3,4.1,1.6,.394,.331,.498,0.8,0.7,1.5
Josh Hart,SF,30,NYK,61,30.2,12.3,7.5,4.9,.506,.409,.590,1.2,0.3,1.9
Tre Johnson,SG,19,WAS,58,24.0,12.3,2.8,2.0,.422,.360,.512,0.6,0.3,1.5
Miles McBride,SG,25,NYK,37,27.1,12.3,2.5,2.7,.422,.410,.560,0.8,0.2,0.9
Max Strus,SF,29,CLE,7,23.9,12.3,6.0,1.9,.509,.479,.711,0.4,0.0,0.7
Max Christie,SG,22,DAL,71,29.4,12.2,3.3,2.0,.442,.403,.565,0.6,0.3,1.3
Donovan Clingan,C,21,POR,72,27.2,12.1,11.6,2.1,.520,.330,.578,0.6,1.7,1.3
Moses Moody,SG,23,GSW,60,25.7,12.1,3.3,1.6,.440,.401,.575,1.0,0.6,1.0
GG Jackson II,PF,21,MEM,52,21.2,12.0,4.3,1.4,.491,.317,.550,0.6,0.8,1.5
Maxime Raynaud,C,22,SAC,68,26.1,12.0,7.3,1.3,.565,.306,.581,0.5,0.5,1.2
Duncan Robinson,SF,31,DET,72,27.6,12.0,2.7,2.1,.447,.407,.605,0.6,0.3,0.7
Jonathan Kuminga,PF,23,2TM,31,23.1,11.9,5.9,2.4,.455,.349,.505,0.5,0.3,2.1
Jonathan Kuminga,PF,23,GSW,20,23.8,12.1,5.9,2.5,.454,.321,.497,0.4,0.3,2.3
Jonathan Kuminga,PF,23,ATL,11,21.7,11.6,6.1,2.3,.457,.400,.521,0.8,0.4,1.6
Myles Turner,C,29,MIL,68,27.1,11.9,5.3,1.5,.439,.387,.555,0.7,1.6,1.2
Wendell Carter Jr.,C,26,ORL,71,29.6,11.8,7.5,2.0,.510,.322,.569,0.8,0.6,1.3
Dyson Daniels,SG,22,ATL,71,33.2,11.8,6.7,5.9,.519,.170,.532,1.9,0.4,1.8
Cameron Johnson,SF,29,DEN,50,30.1,11.8,3.6,2.3,.467,.427,.584,0.7,0.4,0.8
Nic Claxton,C,26,BRK,68,27.9,11.7,7.0,3.7,.569,.167,.572,0.7,1.1,1.4
Isaiah Collier,PG,21,UTA,59,25.7,11.7,2.5,7.2,.495,.270,.521,1.1,0.3,2.5
Klay Thompson,SF,35,DAL,65,21.8,11.7,2.1,1.4,.393,.386,.532,0.5,0.3,0.9
Christian Braun,SG,24,DEN,40,31.6,11.6,4.7,2.8,.513,.298,.567,0.7,0.3,1.1
Dylan Harper,SG,19,SAS,62,22.3,11.6,3.4,3.8,.499,.325,.545,0.8,0.3,1.4
Mark Williams,C,24,PHO,56,23.6,11.6,8.1,1.0,.633,1.000,.635,0.9,0.9,1.1
Jarace Walker,PF,22,IND,73,25.6,11.5,5.1,2.4,.421,.376,.513,0.8,0.3,1.8
Scotty Pippen Jr.,PG,25,MEM,10,21.2,11.4,2.2,4.7,.448,.313,.500,1.9,0.4,2.7
Derik Queen,C,21,NOP,75,24.4,11.4,6.8,3.6,.475,.275,.492,0.9,0.9,2.3
Julian Reese,PF,22,WAS,7,31.0,11.4,11.0,1.9,.582,0.0,.582,1.0,0.4,2.7
Bilal Coulibaly,SG,21,WAS,52,26.5,11.3,4.4,2.6,.415,.314,.477,1.4,0.9,1.5
Rui Hachimura,PF,27,LAL,62,28.3,11.2,3.2,0.8,.510,.436,.609,0.5,0.3,0.6
Pelle Larsson,SG,24,MIA,65,26.2,11.2,3.5,3.3,.497,.322,.553,0.7,0.2,1.4
Sandro Mamukelashvili,C,26,TOR,73,21.8,11.2,4.9,1.8,.521,.381,.609,0.8,0.5,0.8
Julian Champagnie,SF,24,SAS,75,27.7,11.1,5.8,1.5,.439,.385,.584,0.8,0.4,0.9
Kyle Filipowski,C,22,UTA,73,23.1,11.1,7.0,2.5,.495,.338,.554,1.0,0.5,1.7
Rudy Gobert,C,33,MIN,72,31.4,11.1,11.5,1.7,.693,.000,.693,0.8,1.7,1.4
Cam Spencer,SG,25,MEM,70,23.9,11.1,2.6,5.5,.472,.447,.602,0.7,0.2,1.3
Kel'el Ware,C,21,MIA,71,22.2,11.0,9.1,0.7,.525,.374,.591,0.8,1.1,0.8
Alondes Williams,SG,26,WAS,4,25.3,11.0,6.3,3.0,.615,.357,.712,0.8,0.8,1.3
Jusuf Nurkić,C,31,UTA,41,26.4,10.9,10.4,4.8,.503,.352,.538,1.3,0.5,2.5
Dennis Schröder,PG,32,2TM,65,24.6,10.8,2.7,4.8,.400,.327,.461,0.8,0.2,1.8
Dennis Schröder,PG,32,SAC,40,26.4,12.8,3.1,5.3,.408,.343,.475,0.8,0.2,2.0
Dennis Schröder,PG,32,CLE,25,21.6,7.8,2.2,4.1,.382,.278,.426,0.8,0.2,1.5
Tyler Burton,SF,25,MEM,11,26.2,10.8,4.3,1.1,.371,.323,.467,1.0,0.4,1.0
Caleb Love,SG,24,POR,47,21.5,10.8,2.4,2.6,.389,.320,.484,0.6,0.1,1.3
Isaiah Joe,SG,26,OKC,67,21.5,10.7,2.6,1.4,.440,.408,.600,0.7,0.2,0.6
Jock Landale,C,30,2TM,67,22.3,10.6,5.8,1.7,.513,.382,.580,0.5,0.5,0.9
Jock Landale,C,30,MEM,45,23.6,11.3,6.5,1.7,.514,.380,.577,0.6,0.5,1.0
Jock Landale,C,30,ATL,22,19.6,9.1,4.3,1.8,.510,.387,.587,0.5,0.6,0.6
Khris Middleton,SF,34,2TM,57,23.5,10.6,3.8,2.9,.424,.357,.483,0.7,0.2,1.8
Khris Middleton,SF,34,WAS,34,24.3,10.3,3.9,3.3,.433,.333,.488,0.8,0.3,1.7
Khris Middleton,SF,34,DAL,23,22.3,11.0,3.7,2.4,.410,.389,.476,0.7,0.0,1.9
Blake Hinson,SF,26,UTA,11,19.5,10.6,2.2,0.8,.519,.509,.708,0.1,0.2,0.2
Jakob Poeltl,C,30,TOR,39,25.5,10.6,7.5,2.1,.695,0.0,.695,0.8,0.7,1.2
Tari Eason,PF,24,HOU,53,26.0,10.5,6.4,1.6,.415,.372,.498,1.2,0.5,1.4
Derrick Jones Jr.,SF,28,LAC,44,27.3,10.5,3.3,1.4,.507,.357,.581,1.0,1.1,0.8
Marvin Bagley III,PF,26,2TM,56,20.0,10.3,6.1,1.4,.616,.452,.642,0.5,0.7,1.1
Marvin Bagley III,PF,26,WAS,38,19.2,10.1,5.7,1.5,.626,.421,.642,0.5,0.7,1.2
Marvin Bagley III,PF,26,DAL,18,21.6,10.6,7.1,1.4,.598,.478,.640,0.3,0.7,0.8
Egor Dёmin,PG,19,BRK,52,25.2,10.3,3.2,3.3,.399,.385,.537,0.8,0.3,1.7
DaQuan Jeffries,SG,28,SAC,3,20.0,10.3,1.7,0.3,.579,.444,.684,0.7,0.0,0.0
Ziaire Williams,SF,24,BRK,55,22.9,10.3,2.4,1.0,.430,.343,.531,1.4,0.4,1.1
Bub Carrington,PG,20,WAS,75,27.6,10.2,3.5,4.6,.418,.397,.530,0.6,0.2,2.3
D'Angelo Russell,PG,29,DAL,26,19.0,10.2,2.3,4.0,.405,.295,.476,0.5,0.1,1.9
Jalen Smith,C,25,CHI,53,20.7,10.2,6.7,1.2,.483,.373,.584,0.5,0.8,1.0
Obi Toppin,PF,27,IND,17,17.1,10.2,4.1,2.2,.504,.310,.591,0.5,0.1,1.2
Daeqwon Plowden,SG,27,SAC,26,25.8,10.1,3.0,1.1,.427,.329,.534,0.7,0.2,0.7
Kevin Huerter,SG,27,2TM,64,22.4,10.0,3.5,2.5,.451,.301,.533,0.9,0.5,1.0
Kevin Huerter,SF,27,CHI,44,23.6,10.9,3.8,2.6,.455,.314,.542,0.8,0.6,1.1
Kevin Huerter,SG,27,DET,20,19.9,8.0,2.7,2.2,.439,.263,.507,1.0,0.3,0.9
Harrison Barnes,PF,33,SAS,70,26.1,10.0,2.9,2.0,.449,.385,.569,0.7,0.2,0.8
Tristan Da Silva,SF,24,ORL,70,24.7,10.0,3.7,1.5,.448,.380,.548,0.9,0.3,0.8
Royce O'Neale,SF,32,PHO,73,28.9,10.0,4.9,2.8,.418,.407,.588,1.1,0.4,1.4
Zaccharie Risacher,SF,20,ATL,62,23.0,10.0,3.8,1.1,.457,.379,.549,0.9,0.5,0.9
Isaiah Stewart,C,24,DET,55,23.1,10.0,5.1,1.2,.541,.333,.592,0.3,1.6,1.1
Neemias Queta,C,26,BOS,70,25.3,9.9,8.3,1.6,.640,.000,.640,0.8,1.3,1.1
Ausar Thompson,SF,23,DET,67,25.9,9.9,5.8,2.9,.516,.261,.521,2.0,0.9,1.5
Aaron Wiggins,SG,27,OKC,59,22.3,9.8,3.2,1.7,.433,.359,.523,0.9,0.4,1.3
Zach Collins,C,28,CHI,10,18.4,9.7,5.6,1.5,.578,.429,.648,0.2,0.4,1.0
A.J. Green,SG,26,MIL,71,28.5,9.7,2.6,1.9,.418,.408,.601,0.5,0.1,0.9
Jordan Miller,SF,26,LAC,54,21.6,9.7,3.1,2.2,.521,.326,.565,0.8,0.2,1.0
Precious Achiuwa,C,26,SAC,67,23.4,9.6,6.5,1.3,.534,.310,.559,0.9,0.7,0.8
Daniel Gafford,C,27,DAL,53,21.8,9.6,6.9,1.1,.657,0.0,.657,0.7,1.2,1.2
Landry Shamet,SG,28,NYK,46,23.0,9.6,1.8,1.5,.439,.388,.581,0.6,0.2,0.6
Olivier-Maxence Prosper,PF,23,MEM,50,18.5,9.5,3.5,1.0,.539,.403,.625,0.7,0.2,0.9
Will Riley,SF,19,WAS,67,20.9,9.5,2.7,1.8,.439,.332,.506,0.6,0.1,1.2
Marcus Smart,SG,31,LAL,60,28.8,9.5,2.8,2.8,.399,.336,.502,1.4,0.4,1.5
Isaiah Hartenstein,C,27,OKC,43,24.8,9.4,9.7,3.7,.616,.000,.616,1.0,0.7,1.9
T.J. McConnell,PG,33,IND,56,17.2,9.4,2.2,5.1,.538,.320,.556,1.0,0.2,1.1
Jay Huff,C,27,IND,75,20.8,9.3,3.8,1.3,.473,.313,.570,0.5,1.8,0.9
Svi Mykhailiuk,SF,28,UTA,49,23.1,9.2,2.4,1.9,.483,.412,.617,0.5,0.1,0.8
Isaac Okoro,SG,25,CHI,59,26.9,9.2,2.8,1.5,.452,.333,.532,0.7,0.5,0.7
Micah Potter,C,27,IND,40,18.6,9.2,4.4,1.4,.513,.430,.638,0.4,0.4,0.9
Javon Small,PG,23,MEM,38,19.8,9.2,3.1,3.7,.466,.446,.573,0.8,0.2,1.3
Cam Whitmore,SF,21,WAS,21,16.9,9.2,2.8,0.7,.456,.286,.503,0.7,0.4,0.9
Jaden Hardy,SG,23,2TM,53,15.5,9.1,1.6,0.8,.433,.403,.555,0.3,0.1,1.1
Jaden Hardy,SG,23,DAL,34,12.6,6.9,1.4,0.9,.402,.371,.521,0.3,0.1,0.8
Jaden Hardy,SG,23,WAS,19,20.6,13.2,1.9,0.8,.464,.438,.590,0.3,0.2,1.6
Corey Kispert,SF,26,2TM,54,18.9,9.1,2.4,1.6,.460,.350,.563,0.3,0.1,0.8
Corey Kispert,SF,26,WAS,19,19.5,9.2,2.3,1.7,.496,.395,.622,0.4,0.2,0.7
Corey Kispert,SF,26,ATL,35,18.6,9.0,2.4,1.6,.443,.326,.536,0.2,0.1,0.8
Daniss Jenkins,PG,24,DET,66,19.6,9.0,2.2,3.6,.414,.376,.480,0.9,0.2,1.5
Herbert Jones,SF,27,NOP,53,29.1,9.0,3.4,2.8,.383,.305,.465,1.6,0.5,1.3
Davion Mitchell,PG,27,MIA,65,28.4,9.0,2.7,6.5,.480,.390,.563,1.0,0.2,1.6
Jordan Clarkson,SG,33,NYK,66,18.2,8.9,1.7,1.3,.449,.335,.520,0.4,0.1,0.9
Sam Hauser,PF,28,BOS,72,24.7,8.9,3.8,1.4,.405,.382,.567,0.5,0.3,0.5
Gui Santos,PF,23,GSW,64,20.1,8.9,3.9,2.3,.506,.356,.594,0.9,0.3,1.5
Danny Wolf,PF,21,BRK,57,20.8,8.9,4.9,2.2,.405,.322,.482,0.5,0.6,1.3
Tristan Vukcevic,C,22,WAS,48,13.8,8.8,3.0,1.1,.471,.333,.547,0.5,0.7,1.3
Jordan Goodwin,PG,27,PHO,66,22.7,8.7,4.9,2.2,.404,.358,.501,1.6,0.2,1.0
Day'Ron Sharpe,C,24,BRK,62,18.7,8.7,6.7,2.3,.601,.231,.614,1.1,0.4,1.7
Vít Krejčí,PG,25,2TM,64,21.7,8.6,2.3,1.6,.448,.391,.599,0.7,0.3,0.6
Vít Krejčí,PG,25,ATL,46,22.3,9.0,2.1,1.5,.464,.423,.628,0.8,0.3,0.7
Vít Krejčí,PG,25,POR,18,19.9,7.4,2.8,1.8,.407,.307,.521,0.6,0.3,0.6
Draymond Green,PF,35,GSW,62,27.5,8.6,5.5,5.4,.418,.322,.518,0.9,0.6,2.7
Cason Wallace,SG,22,OKC,73,26.8,8.6,3.1,2.6,.433,.343,.516,2.0,0.4,1.0
Jaden Ivey,SG,23,2TM,37,18.1,8.5,2.5,1.8,.445,.373,.543,0.6,0.4,1.1
Jaden Ivey,SG,23,DET,33,16.8,8.2,2.2,1.6,.450,.372,.545,0.5,0.4,1.1
Jaden Ivey,SG,23,CHI,4,28.8,11.5,4.8,4.0,.417,.381,.528,2.0,0.5,1.5
Nolan Traoré,PG,19,BRK,52,22.3,8.5,1.7,3.8,.376,.315,.435,0.7,0.4,2.3
Kentavious Caldwell-Pope,SG,32,MEM,51,21.3,8.4,2.5,2.7,.410,.316,.485,0.8,0.2,1.2
Justin Champagnie,SF,24,WAS,64,19.6,8.4,5.4,1.2,.511,.326,.568,0.8,0.6,0.6
Simone Fontecchio,SF,30,MIA,67,16.7,8.4,3.0,1.4,.402,.362,.528,0.5,0.1,0.7
Quenton Jackson,PG,27,IND,42,17.1,8.4,2.2,2.4,.476,.379,.548,0.5,0.1,1.2
DeJon Jarreau,SG,28,MEM,10,21.1,8.4,4.9,3.4,.410,.148,.436,0.8,0.6,2.2
Jared McCain,SG,21,2TM,61,17.4,8.3,2.1,1.3,.418,.393,.524,0.5,0.1,0.8
Jared McCain,SG,21,PHI,37,16.8,6.6,2.0,1.7,.385,.378,.483,0.6,0.1,0.8
Jared McCain,SG,21,OKC,24,18.5,10.8,2.2,0.8,.456,.409,.571,0.4,0.1,0.8
Luguentz Dort,SF,26,OKC,63,27.3,8.3,3.7,1.2,.377,.332,.494,0.8,0.4,0.8
Al Horford,C,39,GSW,43,21.7,8.3,5.0,2.6,.424,.360,.539,0.7,1.2,1.0
Jake LaRavia,PF,24,LAL,76,24.8,8.3,3.8,1.8,.465,.323,.540,1.2,0.4,1.0
Kadary Richmond,SG,24,WAS,3,22.3,8.3,3.3,2.7,.625,.500,.688,2.7,0.3,0.7
Gary Trent Jr.,SG,27,MIL,63,21.4,8.3,1.1,1.2,.393,.369,.527,0.5,0.0,0.6
Bradley Beal,SG,32,LAC,6,20.2,8.2,0.8,1.7,.375,.368,.448,0.5,0.0,1.5
Brook Lopez,C,37,LAC,69,21.4,8.2,3.4,1.3,.427,.359,.534,0.6,1.2,0.8
Luke Kennard,SG,29,2TM,72,21.0,8.1,2.2,1.9,.545,.491,.690,0.6,0.1,0.7
Luke Kennard,SG,29,ATL,46,20.5,7.9,2.2,2.1,.538,.497,.692,0.7,0.1,0.7
Luke Kennard,SG,29,LAL,26,21.8,8.5,2.2,1.7,.558,.481,.687,0.5,0.1,0.8
MarJon Beauchamp,SF,25,PHI,11,17.0,8.1,2.8,1.3,.425,.333,.527,0.8,0.4,1.2
Leaky Black,SF,26,WAS,9,31.2,8.1,5.9,1.9,.443,.429,.541,0.8,0.8,0.7
Moussa Diabaté,C,24,CHO,68,26.0,8.1,8.8,1.9,.628,.500,.630,0.8,1.0,1.0
Ron Holland,SF,20,DET,72,19.9,8.1,4.1,1.3,.429,.226,.470,1.2,0.3,1.3
Bryce McGowens,SG,23,NOP,42,21.0,8.1,2.1,1.5,.481,.409,.561,0.6,0.2,0.4
Jonas Valančiūnas,C,33,DEN,59,13.2,8.1,4.8,1.2,.573,.300,.582,0.2,0.5,1.1
Cody Williams,SG,21,UTA,61,23.1,8.1,2.8,1.7,.479,.225,.508,0.7,0.4,1.0
Bones Hyland,PG,25,MIN,66,16.0,8.0,1.6,2.6,.457,.382,.576,0.6,0.2,0.9
Collin Murray-Boyles,PF,20,TOR,51,22.0,8.0,5.0,1.8,.561,.347,.590,0.9,1.0,1.1
Dominick Barlow,PF,22,PHI,64,24.0,7.9,4.7,1.3,.541,.266,.569,0.9,0.7,0.8
Devin Carter,PG,23,SAC,32,16.2,7.9,2.8,2.3,.406,.247,.454,0.8,0.2,1.3
Cameron Payne,PG,31,PHI,20,17.6,7.9,1.9,2.8,.378,.340,.490,1.2,0.3,0.6
Bruce Brown,SG,29,DEN,76,24.4,7.8,3.8,2.1,.472,.397,.528,1.0,0.2,1.1
Nique Clifford,SG,23,SAC,69,24.1,7.8,3.6,2.2,.407,.328,.472,0.9,0.3,1.4
Luka Garza,C,27,BOS,65,16.0,7.7,4.0,1.0,.586,.439,.666,0.4,0.4,0.7
Ryan Kalkbrenner,C,24,CHO,63,21.5,7.7,5.5,0.8,.751,.000,.751,0.5,1.4,0.9
Quinten Post,PF,25,GSW,67,17.3,7.7,4.0,1.4,.440,.336,.546,0.4,0.5,0.8
Vince Williams Jr.,SG,25,2TM,40,20.5,7.5,3.9,4.2,.353,.311,.447,0.7,0.4,1.8
Vince Williams Jr.,PG,25,MEM,34,21.6,8.0,4.0,4.4,.352,.308,.445,0.8,0.4,1.9
Vince Williams Jr.,SG,25,UTA,6,14.0,4.7,3.2,2.7,.357,.333,.464,0.3,0.3,1.2
Chaney Johnson,SF,23,BRK,13,19.9,7.5,4.1,2.2,.538,.280,.592,0.9,0.5,1.2
Caris LeVert,SG,31,DET,55,19.5,7.5,2.0,2.7,.418,.327,.495,0.9,0.7,1.4
Paul Reed,C,26,DET,59,13.7,7.5,4.4,1.2,.599,.333,.618,0.9,0.9,0.9
Walter Clayton,PG,22,2TM,65,20.2,7.4,2.0,3.9,.376,.290,.453,0.7,0.3,1.6
Walter Clayton,PG,22,UTA,45,18.0,6.8,2.0,3.2,.398,.308,.484,0.5,0.3,1.3
Walter Clayton,PG,22,MEM,20,25.2,8.9,2.2,5.7,.341,.259,.404,1.0,0.4,2.5
LJ Cryer,PG,24,GSW,15,15.3,7.4,1.7,0.9,.389,.400,.556,0.1,0.0,0.7
Kris Dunn,PG,31,LAC,76,27.4,7.4,3.3,3.6,.480,.379,.564,1.6,0.2,1.3
Nikola Jović,PF,22,MIA,46,17.3,7.4,3.3,2.2,.367,.270,.438,0.6,0.4,1.4
Jaylin Williams,PF,23,OKC,61,20.0,7.4,5.6,2.4,.424,.379,.562,0.5,0.7,1.1
Buddy Hield,SG,33,2TM,49,16.2,7.3,2.3,1.4,.427,.333,.536,0.8,0.2,1.0
Buddy Hield,SG,33,GSW,44,17.5,8.0,2.5,1.5,.433,.344,.545,0.8,0.2,1.0
Buddy Hield,SG,33,ATL,5,5.2,1.0,1.0,0.4,.143,.000,.143,0.2,0.0,1.0
Bogdan Bogdanović,SG,33,LAC,21,20.4,7.3,2.7,2.4,.376,.329,.475,0.5,0.0,1.2
Gary Payton II,SG,33,GSW,67,15.3,7.3,3.6,1.7,.577,.308,.626,0.9,0.3,0.9
Josh Minott,PF,23,2TM,47,16.9,7.2,3.3,1.0,.500,.427,.630,0.9,0.4,0.9
Josh Minott,PF,23,BOS,33,15.9,5.8,3.6,1.0,.507,.442,.632,0.7,0.4,0.6
Josh Minott,SF,23,BRK,14,19.2,10.5,2.6,0.9,.490,.409,.628,1.2,0.6,1.6
Taylor Hendricks,PF,22,2TM,56,18.9,7.2,3.7,0.9,.450,.331,.536,0.8,0.5,0.9
Taylor Hendricks,PF,22,UTA,33,14.9,4.9,3.0,0.7,.453,.343,.547,0.4,0.2,0.6
Taylor Hendricks,PF,22,MEM,23,24.6,10.4,4.7,1.3,.449,.324,.529,1.3,0.9,1.3
Jose Alvarado,PG,27,2TM,65,19.6,7.2,2.4,3.3,.413,.354,.528,0.9,0.1,1.1
Jose Alvarado,PG,27,NOP,41,21.9,7.9,2.8,3.1,.418,.363,.543,0.9,0.1,1.1
Jose Alvarado,PG,27,NYK,24,15.8,5.9,1.8,3.7,.402,.333,.496,0.9,0.1,1.0
Jaxson Hayes,C,25,LAL,64,18.1,7.2,4.2,0.9,.751,1.000,.757,0.5,0.8,0.4
Terance Mann,SG,29,BRK,62,24.3,7.2,3.2,3.0,.455,.358,.529,0.7,0.2,1.1
Moritz Wagner,C,28,ORL,33,12.4,7.2,3.3,0.8,.427,.324,.486,0.5,0.0,0.5
Ja'Kobe Walter,SG,21,TOR,65,19.6,7.2,2.4,1.1,.439,.395,.569,1.0,0.2,0.5
Sharife Cooper,PG,24,WAS,34,16.4,7.1,2.2,2.7,.482,.322,.531,0.3,0.1,1.4
Lawson Lovering,C,22,MEM,2,24.5,7.0,7.5,1.5,.600,0.0,.600,1.5,0.5,1.0
Taurean Prince,SF,31,MIL,20,21.6,7.0,2.5,1.4,.407,.382,.545,0.6,0.2,1.0
Ben Sheppard,SG,24,IND,63,21.3,7.0,3.0,1.7,.434,.366,.545,0.6,0.1,0.6
Javonte Green,SG,32,DET,76,17.7,6.9,2.7,0.7,.445,.373,.556,1.3,0.3,0.6
Will Richard,SG,23,GSW,64,20.4,6.9,2.5,1.4,.479,.348,.585,1.2,0.1,0.8
Kobe Sanders,SG,23,LAC,62,19.9,6.9,2.3,1.6,.462,.409,.564,0.7,0.1,1.3
Pat Spencer,PG,29,GSW,59,17.8,6.9,2.3,3.5,.430,.355,.496,0.7,0.1,1.2
Grant Williams,PF,27,CHO,31,19.5,6.9,3.8,1.6,.431,.391,.572,0.4,0.4,0.9
Elijah Harkless,SG,25,UTA,26,21.0,6.8,2.0,2.9,.335,.239,.401,1.2,0.2,1.0
Trendon Watford,PF,25,PHI,50,17.0,6.8,3.5,2.6,.509,.200,.528,0.3,0.4,1.2
Isaiah Jackson,C,24,2TM,55,16.5,6.7,5.3,0.9,.637,.000,.637,0.7,0.9,1.1
Isaiah Jackson,C,24,IND,38,16.8,6.4,5.6,0.8,.582,.000,.582,0.7,0.8,1.1
Isaiah Jackson,C,24,LAC,17,15.9,7.5,4.6,1.2,.764,.000,.764,0.6,1.2,0.9
Cole Anthony,PG,25,MIL,35,15.1,6.7,2.5,3.5,.424,.306,.472,0.6,0.3,1.9
Kevin Love,PF,37,UTA,37,16.6,6.7,5.8,1.8,.397,.373,.530,0.4,0.2,0.8
Ben Saraf,SG,19,BRK,39,19.5,6.7,1.9,3.2,.384,.216,.416,0.8,0.1,2.2
Patrick Williams,PF,24,CHI,65,19.7,6.7,2.8,1.3,.374,.355,.475,0.6,0.3,1.0
Robert Williams,C,28,POR,54,16.8,6.7,6.9,1.0,.718,.333,.733,0.6,1.5,0.8
Luke Kornet,C,30,SAS,63,21.0,6.6,6.2,1.8,.642,0.0,.642,0.4,1.0,0.4
Julian Strawther,SG,23,DEN,51,14.5,6.6,2.0,1.0,.457,.357,.541,0.4,0.1,0.6
Keon Ellis,SG,26,2TM,67,20.2,6.5,1.8,0.9,.438,.364,.559,1.2,0.7,0.6
Keon Ellis,SG,26,SAC,43,17.6,5.6,1.3,0.6,.397,.368,.524,1.1,0.5,0.5
Keon Ellis,SG,26,CLE,24,24.9,8.3,2.7,1.5,.500,.356,.611,1.4,1.0,0.8
Jevon Carter,PG,30,2TM,46,16.1,6.5,1.7,1.6,.388,.352,.514,0.7,0.2,0.7
Jevon Carter,PG,30,CHI,23,11.0,5.4,1.1,0.8,.398,.410,.553,0.6,0.1,0.5
Jevon Carter,PG,30,ORL,23,21.2,7.6,2.2,2.3,.382,.314,.491,0.9,0.3,0.9
Oso Ighodaro,PF,23,PHO,76,22.2,6.5,5.0,2.3,.654,.000,.654,0.9,0.6,1.3
Jamal Shead,PG,23,TOR,75,22.3,6.5,1.8,5.4,.362,.309,.444,0.9,0.2,1.3
Leonard Miller,SF,22,2TM,39,12.8,6.4,3.2,0.7,.543,.292,.601,0.3,0.2,0.6
Leonard Miller,SF,22,MIN,19,5.0,2.3,1.3,0.3,.545,.083,.561,0.2,0.0,0.5
Leonard Miller,SF,22,CHI,20,20.2,10.2,5.1,1.2,.543,.333,.609,0.5,0.5,0.7
Ousmane Dieng,C,22,2TM,50,17.3,6.4,2.7,1.8,.427,.381,.524,0.4,0.3,0.9
Ousmane Dieng,C,22,OKC,27,10.9,3.7,1.6,1.0,.418,.367,.516,0.1,0.3,0.3
Ousmane Dieng,C,22,MIL,23,24.7,9.5,4.1,2.8,.431,.388,.528,0.9,0.4,1.7
Tyrese Martin,SG,26,2TM,45,17.2,6.4,2.6,1.7,.394,.321,.489,0.6,0.1,0.9
Tyrese Martin,SG,26,BRK,37,18.8,7.3,2.9,1.9,.392,.336,.492,0.6,0.1,0.9
Tyrese Martin,SG,26,PHI,8,9.9,2.5,1.3,1.1,.409,.154,.455,0.4,0.3,0.9
Andre Drummond,C,32,PHI,56,19.5,6.4,8.4,1.1,.470,.346,.517,0.6,0.8,1.0
Malachi Smith,SG,26,BRK,9,18.3,6.4,2.1,2.2,.511,.471,.596,1.0,0.4,1.1
Jamir Watkins,SG,24,WAS,43,19.4,6.4,3.6,1.3,.445,.286,.520,1.1,0.5,0.7
Kenrich Williams,PF,31,OKC,50,15.1,6.4,3.2,1.3,.488,.400,.577,0.6,0.1,0.8
Alex Caruso,SG,31,OKC,53,18.6,6.3,2.8,2.0,.421,.289,.507,1.3,0.3,0.8
Ryan Nembhard,PG,22,DAL,55,18.6,6.3,1.9,4.9,.413,.377,.481,0.4,0.0,1.4
John Poulakidas,SG,22,DAL,7,16.3,6.3,2.3,0.6,.395,.364,.553,0.6,0.0,0.4
Drake Powell,SG,20,BRK,58,20.3,6.3,1.7,1.4,.419,.301,.498,0.5,0.2,0.9
Gradey Dick,SG,22,TOR,70,14.8,6.2,2.0,0.7,.417,.301,.492,0.6,0.1,0.6
Tidjane Salaün,PF,20,CHO,36,15.9,6.2,4.1,0.8,.506,.434,.620,0.4,0.2,0.7
Nate Williams,SG,26,GSW,11,13.3,6.2,1.8,0.8,.500,.412,.570,0.3,0.0,0.8
Kyle Anderson,SF,32,3TM,37,19.5,6.1,3.4,2.7,.527,.444,.538,1.0,0.5,1.0
Kyle Anderson,SF,32,UTA,20,20.1,7.1,3.3,3.1,.523,.600,.537,1.2,0.5,0.9
Kyle Anderson,SF,32,MEM,4,22.3,9.3,3.5,0.8,.789,1.000,.816,1.5,1.0,1.8
Kyle Anderson,SF,32,MIN,13,17.9,3.5,3.5,2.8,.415,.000,.415,0.6,0.5,0.9
Thomas Bryant,C,28,CLE,58,11.9,6.1,3.3,0.5,.500,.349,.586,0.3,0.4,0.5
Justin Edwards,SF,22,PHI,58,15.5,6.1,1.5,1.3,.455,.370,.560,0.8,0.2,0.6
Adama-Alpha Bal,,22,MEM,2,29.5,6.0,2.5,2.5,.286,.250,.357,1.5,0.0,0.0
Tyson Etienne,PG,26,BRK,19,11.7,6.0,0.6,1.2,.420,.441,.605,0.4,0.0,0.5
Kasparas Jakučionis,PG,19,MIA,48,17.6,6.0,2.6,2.4,.423,.418,.560,0.6,0.1,0.9
Oscar Tshiebwe,C,26,UTA,21,14.5,6.0,5.3,1.1,.643,0.0,.643,0.5,0.1,0.5
Ryan Dunn,SF,23,PHO,65,19.6,5.9,4.3,1.4,.452,.335,.530,0.9,0.4,0.8
Kris Murray,SF,25,POR,52,23.6,5.9,3.7,1.4,.456,.267,.515,0.9,0.4,0.8
Nick Richards,C,28,2TM,48,14.6,5.8,5.1,0.3,.512,.278,.525,0.2,0.7,1.2
Nick Richards,C,28,PHO,28,9.1,3.2,3.3,0.3,.493,0.0,.493,0.1,0.5,0.9
Nick Richards,C,28,CHI,20,22.4,9.4,7.6,0.4,.523,.278,.542,0.3,0.9,1.7
Mac McClung,SG,27,2TM,4,11.8,5.8,1.3,0.5,.360,.167,.400,1.3,0.5,0.8
Mac McClung,SG,27,IND,3,11.3,6.3,1.3,0.3,.389,.200,.444,1.7,0.3,0.7
Mac McClung,SG,27,CHI,1,13.0,4.0,1.0,1.0,.286,.000,.286,0.0,1.0,1.0
Steven Adams,C,32,HOU,32,22.8,5.8,8.6,1.5,.504,0.0,.504,0.7,0.6,1.1
Tre Mann,PG,24,CHO,49,13.4,5.8,1.9,1.8,.356,.327,.441,0.5,0.1,1.1
Jahmai Mashack,SG,23,MEM,26,19.8,5.8,2.2,1.4,.409,.268,.460,1.2,0.5,1.1
Nick Smith Jr.,SG,21,LAL,25,12.7,5.8,0.8,1.1,.421,.391,.523,0.4,0.1,0.8
Dean Wade,PF,29,CLE,57,22.4,5.8,4.2,1.5,.432,.354,.557,0.8,0.4,0.3
Jalen Wilson,PF,25,BRK,49,14.6,5.8,1.8,0.7,.386,.355,.491,0.4,0.0,0.6
Jamaree Bouyea,PG,26,PHO,41,13.9,5.7,1.8,1.7,.468,.299,.517,0.7,0.3,0.5
Karlo Matković,PF,24,NOP,62,14.7,5.7,3.7,0.8,.604,.422,.685,0.4,0.9,0.5
Marcus Sasser,PG,25,DET,32,12.7,5.7,1.1,2.1,.413,.432,.545,0.6,0.1,0.9
Dru Smith,SG,28,MIA,68,16.5,5.7,2.5,2.6,.417,.302,.476,1.4,0.3,0.8
Goga Bitadze,C,26,ORL,57,14.9,5.6,4.7,1.3,.675,.182,.681,0.6,0.9,0.6
Jett Howard,SF,22,ORL,53,12.8,5.6,1.6,0.8,.420,.371,.529,0.2,0.2,0.3
Doug McDermott,SF,34,SAC,23,14.4,5.6,1.1,0.6,.423,.411,.611,0.2,0.1,0.4
Eric Gordon,SG,37,PHI,6,12.3,5.5,0.3,0.5,.571,.571,.762,0.7,0.2,0.5
Haywood Highsmith,SF,29,PHO,6,13.3,5.5,2.2,1.2,.500,.615,.700,0.7,0.0,0.0
Spencer Jones,SF,24,DEN,64,22.1,5.5,3.3,0.8,.504,.396,.613,0.8,0.5,0.5
Yves Missi,C,21,NOP,63,19.3,5.5,5.7,1.3,.536,.000,.536,0.3,1.5,0.8
Nae'Qwan Tomlin,PF,25,CLE,60,15.2,5.5,2.7,0.8,.470,.204,.507,0.7,0.5,0.4
Rob Dillingham,PG,21,2TM,58,13.7,5.4,1.7,2.2,.380,.304,.426,0.7,0.1,1.3
Rob Dillingham,PG,21,MIN,35,9.3,3.5,1.2,1.7,.333,.364,.376,0.5,0.1,1.0
Rob Dillingham,PG,21,CHI,23,20.3,8.3,2.6,2.9,.414,.275,.463,1.0,0.1,1.8
Sidy Cissoko,SF,21,POR,70,20.1,5.4,2.3,1.5,.399,.304,.489,0.7,0.4,1.0
Seth Curry,SG,35,GSW,5,11.8,5.4,1.4,1.4,.556,.500,.667,0.4,0.0,0.0
Aaron Holiday,PG,29,HOU,50,13.3,5.4,0.9,1.0,.403,.383,.529,0.4,0.1,0.7
Mitchell Robinson,C,27,NYK,57,19.5,5.4,8.7,0.9,.714,0.0,.714,0.9,1.1,0.7
Jalen Slawson,SF,26,IND,7,21.1,5.4,3.9,2.4,.343,.300,.429,1.3,1.1,0.7
Matisse Thybulle,SG,28,POR,25,14.6,5.4,2.0,0.8,.433,.394,.567,1.9,0.5,0.9
Guerschon Yabusele,C,30,2TM,62,14.2,5.3,3.3,0.9,.405,.367,.520,0.4,0.2,0.6
Guerschon Yabusele,C,30,NYK,41,8.9,2.7,2.1,0.4,.393,.294,.486,0.1,0.1,0.4
Guerschon Yabusele,C,30,CHI,21,24.6,10.2,5.6,1.8,.414,.416,.543,0.9,0.4,1.0
Sion James,SG,23,CHO,76,22.6,5.3,3.4,2.0,.376,.365,.491,0.6,0.3,0.8
Jordan Walsh,PF,21,BOS,61,17.9,5.3,4.1,0.8,.513,.393,.602,0.7,0.5,0.5
Kobe Brown,PF,26,2TM,55,14.3,5.2,2.7,1.1,.457,.365,.553,0.3,0.2,0.8
Kobe Brown,PF,26,LAC,34,8.7,2.9,1.6,0.8,.393,.265,.470,0.3,0.1,0.4
Kobe Brown,PF,26,IND,21,23.5,8.8,4.4,1.5,.496,.439,.604,0.5,0.5,1.3
KJ Simpson,PG,23,2TM,17,14.5,5.2,2.0,2.5,.344,.308,.406,0.9,0.0,1.4
KJ Simpson,PG,23,CHO,14,15.9,6.0,2.1,2.5,.348,.308,.416,1.1,0.0,1.7
KJ Simpson,PG,23,DEN,3,7.7,1.7,1.7,2.7,.286,0.0,.286,0.3,0.0,0.0
Drew Eubanks,C,28,SAC,42,13.1,5.2,3.0,0.5,.596,.143,.599,0.4,0.6,0.7
Andersson Garcia,SF,25,UTA,5,33.8,5.2,8.4,2.8,.310,.077,.328,1.6,0.8,1.4
Garrison Mathews,SG,29,IND,15,13.1,5.2,1.1,0.7,.404,.370,.567,0.4,0.2,0.2
Blake Wesley,SG,22,POR,28,12.6,5.2,1.3,2.2,.458,.286,.500,0.6,0.2,1.1
Dylan Cardwell,C,24,SAC,38,20.3,5.1,7.5,1.4,.568,.000,.568,0.7,1.3,0.8
Johnny Furphy,SG,21,IND,35,18.4,5.1,4.4,1.2,.470,.324,.547,0.6,0.2,0.8
Ochai Agbaji,SG,25,2TM,61,15.7,5.0,2.2,0.7,.435,.258,.494,0.4,0.3,0.5
Ochai Agbaji,SG,25,TOR,42,15.5,4.3,2.3,0.7,.424,.185,.459,0.4,0.3,0.5
Ochai Agbaji,SG,25,BRK,19,16.1,6.4,2.2,0.8,.455,.339,.556,0.3,0.3,0.6
Asa Newell,PF,20,ATL,40,11.1,5.0,2.0,0.5,.537,.391,.628,0.4,0.3,0.5
Jalen Pickett,SG,26,DEN,46,16.1,5.0,2.3,2.3,.424,.386,.532,0.3,0.1,0.7
Cormac Ryan,SG,27,MIL,4,10.0,5.0,0.3,0.3,.400,.364,.533,0.8,0.3,0.5
Baylor Scheierman,SG,25,BOS,70,18.1,5.0,3.5,1.4,.447,.383,.587,0.5,0.1,0.6
Ethan Thompson,SG,26,IND,25,17.1,5.0,1.8,1.4,.366,.312,.463,0.6,0.3,0.6
Pete Nance,PF,25,MIL,42,14.2,4.9,2.5,0.9,.526,.430,.656,0.3,0.3,0.5
Tyrese Proctor,PG,21,CLE,46,10.3,4.9,1.1,1.3,.403,.342,.505,0.4,0.0,0.6
Adem Bona,C,22,PHI,65,17.4,4.8,4.4,0.4,.582,.333,.587,0.4,1.2,0.8
Anthony Gill,PF,33,WAS,48,15.3,4.8,2.7,1.1,.605,.270,.635,0.6,0.4,0.7
Killian Hayes,PG,24,SAC,17,16.5,4.8,2.4,3.5,.306,.273,.367,0.5,0.2,1.2
Bez Mbeng,SG,22,UTA,10,30.6,4.8,3.6,3.5,.419,.176,.453,1.8,0.4,1.5
Lonzo Ball,PG,28,CLE,35,20.8,4.6,4.0,3.9,.301,.272,.415,1.3,0.3,1.5
Malaki Branham,SG,22,WAS,28,9.8,4.6,1.6,0.8,.473,.378,.549,0.4,0.1,0.5
Branden Carlson,C,26,OKC,37,10.3,4.6,2.5,0.6,.519,.339,.596,0.2,0.5,0.4
Josh Green,SG,25,CHO,52,16.3,4.6,1.8,0.9,.462,.419,.620,0.7,0.1,0.7
Mouhamed Gueye,PF,23,ATL,72,15.5,4.6,3.6,0.9,.457,.314,.525,0.8,0.5,0.5
Josh Okogie,SG,27,HOU,71,17.4,4.6,2.5,0.8,.431,.396,.541,0.8,0.2,0.5
Jase Richardson,SG,20,ORL,49,11.4,4.6,1.2,1.2,.469,.359,.548,0.3,0.0,0.5
Jeremiah Robinson-Earl,PF,25,2TM,22,16.4,4.6,4.7,0.7,.370,.244,.420,0.4,0.0,0.5
Jeremiah Robinson-Earl,PF,25,IND,17,17.6,4.6,5.2,0.7,.349,.242,.398,0.4,0.1,0.6
Jeremiah Robinson-Earl,PF,25,DAL,5,12.2,4.4,3.0,0.6,.471,.250,.529,0.4,0.0,0.4
PJ Hall,C,23,2TM,19,11.3,4.5,3.9,0.5,.508,.600,.534,0.2,0.5,0.8
PJ Hall,C,23,MEM,7,3.9,1.9,1.3,0.3,.556,.333,.611,0.0,0.3,0.1
PJ Hall,C,23,CHO,12,15.6,6.1,5.5,0.7,.500,1.000,.520,0.3,0.7,1.3
Jamal Cain,SF,26,ORL,33,10.4,4.5,1.6,0.6,.455,.396,.549,0.3,0.1,0.5
A.J. Lawson,SG,25,TOR,17,9.0,4.5,1.8,0.3,.472,.484,.613,0.5,0.2,0.3
Jabari Walker,PF,23,PHI,60,12.4,4.5,3.1,0.6,.448,.330,.521,0.4,0.2,0.4
Gabe Vincent,PG,29,2TM,48,17.0,4.4,1.0,1.4,.343,.329,.473,0.5,0.0,0.5
Gabe Vincent,PG,29,LAL,29,19.3,4.8,0.9,1.3,.346,.369,.492,0.5,0.0,0.4
Gabe Vincent,PG,29,ATL,19,13.6,3.8,1.1,1.6,.338,.259,.439,0.6,0.1,0.6
DeAndre Jordan,C,37,NOP,12,16.6,4.4,6.3,0.9,.656,0.0,.656,0.3,0.8,0.8
Liam McNeeley,SF,20,CHO,30,12.1,4.4,2.4,0.8,.404,.400,.532,0.2,0.1,0.4
Jericho Sims,C,27,MIL,60,18.4,4.4,5.1,1.2,.814,0.0,.814,0.2,0.2,1.1
Jarred Vanderbilt,PF,26,LAL,59,17.6,4.4,4.5,1.2,.463,.303,.525,0.8,0.3,0.8
Rayan Rupert,SG,21,2TM,60,15.5,4.3,2.5,0.8,.393,.342,.472,0.8,0.1,0.7
Rayan Rupert,SG,21,POR,48,12.0,2.9,1.8,0.7,.361,.310,.435,0.6,0.0,0.6
Rayan Rupert,SG,21,MEM,12,29.2,10.1,5.3,1.2,.440,.395,.525,1.4,0.3,1.1
Rasheer Fleming,PF,21,PHO,50,11.8,4.3,2.3,0.2,.404,.339,.505,0.4,0.4,0.4
Tyler Kolek,PG,24,NYK,60,11.6,4.3,1.6,2.7,.432,.376,.519,0.4,0.1,0.9
Yanic Konan Niederhäuser,C,22,LAC,41,10.3,4.3,2.9,0.3,.640,.200,.645,0.1,0.7,0.6
Skal Labissière,PF,29,WAS,3,12.7,4.3,3.0,1.0,.600,.200,.650,0.7,0.3,0.3
Dereck Lively II,C,21,DAL,7,16.4,4.3,5.3,1.9,.611,0.0,.611,0.6,1.6,1.4
Grant Nelson,PF,23,BRK,4,8.8,4.3,1.5,1.3,.556,0.0,.556,0.3,1.3,1.0
Craig Porter Jr.,PG,25,CLE,60,17.6,4.3,3.3,3.2,.439,.345,.502,0.9,0.6,0.9
DaRon Holmes,PF,23,DEN,21,9.4,4.2,1.4,0.8,.517,.452,.681,0.0,0.2,0.5
Noah Penda,SF,21,ORL,54,13.6,4.2,3.4,1.2,.414,.337,.490,0.6,0.3,0.8
Mike Conley,PG,38,MIN,50,18.0,4.1,1.7,3.0,.307,.299,.422,0.6,0.3,0.6
Kam Jones,SG,23,IND,30,15.4,4.1,1.4,2.7,.415,.309,.484,0.5,0.0,0.9
Terrence Shannon Jr.,SG,25,MIN,36,11.3,4.1,1.1,0.7,.409,.404,.500,0.3,0.0,0.5
RayJ Dennis,PG,24,3TM,16,11.3,4.0,1.4,1.9,.301,.308,.384,0.3,0.3,0.9
RayJ Dennis,PG,24,IND,13,12.9,4.9,1.6,2.0,.306,.316,.389,0.2,0.3,1.1
RayJ Dennis,PG,24,LAC,1,4.0,0.0,2.0,0.0,0.0,0.0,0.0,0.0,0.0,1.0
RayJ Dennis,PG,24,ATL,2,4.0,0.0,0.0,2.0,.000,.000,.000,0.5,0.0,0.0
Nicolas Batum,PF,37,LAC,70,17.9,4.0,2.6,0.9,.398,.398,.589,0.7,0.3,0.5
Tony Bradley,C,28,IND,38,10.9,4.0,2.8,0.5,.557,.500,.561,0.2,0.2,0.4
Brandon Clarke,PF,29,MEM,2,10.0,4.0,3.0,0.5,.333,0.0,.333,1.0,0.0,0.0
Taj Gibson,C,40,MEM,7,9.3,4.0,2.1,0.6,.556,.600,.639,0.3,0.1,0.1
Hugo González,SF,19,BOS,70,15.0,4.0,3.4,0.6,.471,.357,.555,0.6,0.3,0.5
Dalton Knecht,SF,24,LAL,50,10.3,4.0,1.4,0.3,.446,.304,.534,0.2,0.2,0.4
John Konchar,SG,29,2TM,50,18.6,3.9,3.8,1.7,.481,.277,.554,1.3,0.6,0.5
John Konchar,SG,29,MEM,30,14.5,3.2,3.1,1.3,.521,.333,.613,1.0,0.4,0.5
John Konchar,SG,29,UTA,20,24.7,5.1,4.8,2.2,.448,.227,.506,1.7,0.9,0.7
Carter Bryant,PF,20,SAS,64,10.8,3.9,2.4,0.5,.391,.316,.483,0.2,0.3,0.4
Moussa Cisse,C,23,DAL,35,12.8,3.9,5.1,0.2,.589,0.0,.589,0.4,1.1,0.7
Myron Gardner,SF,24,MIA,41,9.6,3.9,2.9,1.0,.479,.406,.588,0.5,0.2,0.4
Jordan Hawkins,SG,23,NOP,46,12.3,3.9,1.5,0.7,.330,.315,.420,0.2,0.2,0.5
Caleb Martin,SF,30,DAL,58,14.8,3.9,2.5,1.4,.450,.351,.503,0.7,0.3,0.7
Taelon Peter,SG,23,IND,31,11.2,3.9,1.4,1.0,.375,.320,.513,0.5,0.1,0.6
Jaylen Clark,SG,24,MIN,63,12.4,3.8,1.8,0.5,.432,.310,.497,0.6,0.1,0.3
Micah Peavy,SG,24,NOP,55,13.2,3.8,1.8,0.9,.377,.231,.422,0.6,0.1,0.3
Patrick Baldwin Jr.,SF,23,3TM,9,11.3,3.7,2.6,0.6,.407,.429,.519,0.3,0.6,0.6
Patrick Baldwin Jr.,SF,23,LAC,2,6.0,5.0,0.5,0.0,.750,.667,1.000,0.0,0.0,0.5
Patrick Baldwin Jr.,SF,23,PHI,1,2.0,0.0,1.0,0.0,0.0,0.0,0.0,0.0,0.0,0.0
Patrick Baldwin Jr.,SF,23,SAC,6,14.7,3.8,3.5,0.8,.348,.364,.435,0.5,0.8,0.7
Dalen Terry,SG,23,2TM,47,11.6,3.7,1.8,1.4,.435,.364,.513,0.6,0.3,0.6
Dalen Terry,SG,23,CHI,34,11.1,3.5,1.9,1.3,.441,.413,.534,0.6,0.3,0.6
Dalen Terry,SG,23,PHI,13,13.0,4.3,1.5,1.8,.423,.250,.471,0.5,0.3,0.4
Keshad Johnson,SF,24,MIA,27,7.8,3.7,1.9,0.1,.439,.316,.512,0.4,0.3,0.4
Zeke Nnaji,PF,25,DEN,49,11.9,3.7,2.6,0.5,.471,.265,.518,0.3,0.4,0.5
Clint Capela,C,31,HOU,68,12.5,3.6,4.6,0.7,.512,0.0,.512,0.5,0.8,0.6
Ron Harper Jr.,SF,25,BOS,25,10.5,3.6,1.6,0.6,.407,.349,.543,0.2,0.4,0.2
Tolu Smith,PF,25,DET,12,9.8,3.6,3.6,0.9,.500,0.0,.500,0.2,0.5,0.6
Keaton Wallace,PG,26,ATL,49,10.0,3.6,1.0,1.7,.418,.402,.539,0.4,0.1,0.5
Trayce Jackson-Davis,C,25,2TM,49,9.8,3.5,2.8,0.8,.567,1.000,.571,0.3,0.5,0.4
Trayce Jackson-Davis,C,25,GSW,36,11.4,4.2,3.1,0.9,.588,1.000,.593,0.4,0.5,0.5
Trayce Jackson-Davis,C,25,TOR,13,5.4,1.8,2.1,0.5,.444,0.0,.444,0.3,0.3,0.3
Mohamed Diawara,SF,20,NYK,65,8.8,3.5,1.4,0.7,.431,.400,.554,0.2,0.1,0.4
Jeremy Sochan,PF,22,2TM,41,10.4,3.4,2.2,0.8,.492,.231,.530,0.4,0.1,0.5
Jeremy Sochan,PF,22,SAS,28,12.8,4.1,2.6,1.0,.475,.257,.520,0.4,0.2,0.6
Jeremy Sochan,PF,22,NYK,13,5.2,1.9,1.5,0.5,.579,.000,.579,0.4,0.1,0.2
Dwight Powell,C,34,DAL,57,13.8,3.4,3.8,0.9,.667,.333,.672,0.5,0.3,0.6
Jamison Battle,SF,24,TOR,55,9.0,3.3,1.6,0.4,.500,.422,.629,0.1,0.1,0.3
Jayson Kent,SF,23,POR,3,6.3,3.3,1.3,0.0,.667,.333,.750,0.3,0.3,0.0
Larry Nance Jr.,PF,33,CLE,31,11.9,3.3,2.6,0.9,.382,.345,.475,0.5,0.1,0.5
Sean Pedulla,PG,23,LAC,4,5.8,3.3,0.5,1.0,.385,.333,.500,0.0,0.0,0.0
Isaiah Stevens,PG,25,SAC,3,14.3,3.3,1.0,3.3,.429,.000,.429,1.7,0.0,0.7
James Wiseman,C,24,IND,4,14.5,3.3,2.0,0.8,.600,0.0,.600,0.0,0.3,1.3
Riley Minix,SF,25,2TM,6,3.8,3.2,0.8,0.7,.667,.500,.792,0.2,0.0,0.3
Riley Minix,SF,25,SAS,3,2.7,3.0,0.7,0.3,.667,.333,.750,0.3,0.0,0.0
Riley Minix,SF,25,CLE,3,5.0,3.3,1.0,1.0,.667,.667,.833,0.0,0.0,0.7
Kelly Olynyk,C,34,SAS,41,8.7,3.2,1.8,1.2,.495,.261,.558,0.4,0.1,0.6
Nikola Topić,PG,20,OKC,5,10.6,3.2,1.6,2.0,.438,.400,.500,0.0,0.0,2.2
Dorian Finney-Smith,PF,32,HOU,35,16.9,3.1,2.5,1.0,.317,.269,.421,0.4,0.2,0.6
Miles Kelly,PG,23,DAL,14,9.6,3.1,1.7,0.9,.364,.303,.477,0.3,0.1,0.4
Mark Sears,PG,23,MIL,7,3.7,3.1,0.3,0.3,.462,.500,.615,0.0,0.0,0.6
Drew Timme,PF,25,LAL,23,8.1,3.1,1.2,0.7,.588,.421,.667,0.2,0.0,0.3
Alex Antetokounmpo,SF,24,MIL,1,3.0,3.0,0.0,0.0,.000,.000,.000,0.0,0.0,0.0
Cam Christie,SG,20,LAC,50,9.1,3.0,1.5,0.6,.392,.245,.438,0.3,0.1,0.4
Yuki Kawamura,PG,24,CHI,11,11.0,3.0,1.9,2.9,.333,.313,.438,0.5,0.0,1.0
Chris Livingston,SF,22,CLE,3,5.7,3.0,1.0,0.3,.571,.000,.571,0.3,0.0,0.0
Emanuel Miller,PF,25,CHI,5,6.6,3.0,0.6,0.8,.462,.333,.538,0.4,0.0,0.0
Monte Morris,PG,30,IND,6,10.8,3.0,1.2,1.5,.350,.250,.400,0.2,0.2,0.3
Amir Coffey,SG,28,2TM,43,10.2,2.9,1.2,0.6,.484,.317,.554,0.2,0.1,0.1
Amir Coffey,SG,28,MIL,30,8.8,2.4,0.9,0.4,.473,.280,.536,0.1,0.1,0.1
Amir Coffey,SG,28,PHO,13,13.2,4.1,2.0,1.0,.500,.375,.579,0.4,0.2,0.2
Tyus Jones,PG,29,3TM,64,14.6,2.9,1.0,2.4,.346,.277,.434,0.6,0.0,0.3
Tyus Jones,PG,29,ORL,48,15.7,3.0,1.1,2.4,.342,.294,.437,0.7,0.1,0.3
Tyus Jones,PG,29,DAL,8,16.6,3.9,1.1,3.8,.382,.211,.441,0.4,0.0,0.6
Tyus Jones,PG,29,DEN,8,5.8,1.3,0.6,0.8,.308,.222,.385,0.1,0.0,0.4
Joan Beringer,PF,19,MIN,35,6.5,2.9,1.9,0.2,.652,0.0,.652,0.1,0.4,0.2
David Jones García,SF,24,SAS,11,6.2,2.9,1.2,1.6,.520,.600,.580,0.5,0.1,0.5
Chris Paul,PG,40,LAC,16,14.3,2.9,1.8,3.3,.321,.333,.411,0.7,0.0,1.0
Duop Reath,C,29,POR,32,8.1,2.9,1.2,0.3,.446,.418,.601,0.2,0.3,0.2
Tyler Smith,PF,21,DAL,7,10.1,2.9,2.9,0.3,.348,.214,.413,0.3,0.0,0.4
Trey Alexander,SG,22,NOP,5,8.4,2.8,0.8,1.0,.667,.667,.778,0.2,0.2,0.2
Koby Brea,SG,23,PHO,8,4.6,2.8,0.3,0.8,.438,.462,.625,0.0,0.0,0.0
Pat Connaughton,SG,33,CHO,37,7.2,2.8,1.5,0.5,.456,.396,.576,0.3,0.0,0.2
AJ Johnson,SG,21,2TM,43,8.9,2.8,1.1,1.0,.319,.229,.358,0.2,0.0,0.6
AJ Johnson,SG,21,WAS,25,8.6,2.8,1.2,0.9,.325,.280,.367,0.3,0.0,0.7
AJ Johnson,SG,21,DAL,18,9.4,2.8,1.0,1.1,.310,.174,.345,0.2,0.1,0.3
Kobe Bufkin,SG,22,LAL,13,7.2,2.7,0.7,0.4,.293,.136,.329,0.2,0.2,0.3
Kevon Looney,C,29,NOP,19,13.4,2.7,5.3,1.3,.426,.111,.435,0.3,0.5,0.4
Khaman Maluach,C,19,PHO,41,8.3,2.7,2.5,0.1,.543,.214,.562,0.1,0.7,0.6
Alijah Martin,SG,24,TOR,18,6.6,2.7,1.1,0.5,.366,.222,.415,0.4,0.2,0.3
Norchad Omier,PF,24,LAC,3,4.7,2.7,1.3,0.3,.800,.000,.800,0.3,0.0,0.0
Antonio Reeves,SG,25,CHO,10,6.8,2.7,0.8,0.3,.500,.538,.675,0.1,0.0,0.1
Christian Koloko,C,25,3TM,25,13.2,2.6,2.9,0.7,.418,.143,.425,0.6,0.9,0.5
Christian Koloko,C,25,LAL,2,3.0,0.0,0.5,0.0,0.0,0.0,0.0,0.0,0.0,0.0
Christian Koloko,C,25,MEM,11,17.7,2.6,4.0,0.9,.400,.000,.400,0.9,1.2,0.6
Christian Koloko,C,25,ATL,12,10.8,2.9,2.3,0.6,.438,.167,.453,0.3,0.8,0.5
Julian Phillips,SF,22,2TM,44,8.4,2.6,1.0,0.2,.424,.315,.510,0.5,0.2,0.2
Julian Phillips,SF,22,CHI,35,9.5,2.8,1.3,0.2,.420,.327,.511,0.5,0.2,0.2
Julian Phillips,SF,22,MIN,9,4.1,1.9,0.2,0.2,.455,.200,.500,0.4,0.1,0.1
Gary Harris,SG,31,MIL,45,13.7,2.6,1.2,1.0,.451,.419,.593,0.6,0.2,0.4
Jonathan Isaac,PF,28,ORL,52,10.0,2.6,2.5,0.4,.422,.184,.454,0.4,0.6,0.3
E.J. Liddell,PF,25,BRK,21,9.7,2.6,1.9,0.7,.386,.212,.447,0.1,0.4,0.4
Jae'Sean Tate,SF,30,HOU,40,8.5,2.6,1.3,0.4,.500,.300,.550,0.2,0.1,0.3
Mo Bamba,C,27,2TM,4,11.0,2.5,5.5,0.3,.455,0.0,.455,0.0,0.8,0.5
Mo Bamba,C,27,TOR,2,3.0,0.0,1.0,0.0,.000,0.0,.000,0.0,0.5,0.0
Mo Bamba,C,27,UTA,2,19.0,5.0,10.0,0.5,.556,0.0,.556,0.0,1.0,1.0
Chaz Lanier,SG,24,DET,29,7.9,2.5,0.7,0.5,.325,.305,.442,0.2,0.0,0.1
Malevy Leons,SF,26,GSW,20,8.7,2.5,1.8,0.5,.435,.231,.467,0.4,0.4,0.3
Charles Bassey,C,25,3TM,7,6.7,2.4,2.9,0.3,.538,0.0,.538,0.3,0.6,0.3
Charles Bassey,C,25,MEM,2,15.5,3.5,7.5,1.0,.375,0.0,.375,0.5,0.5,0.5
Charles Bassey,C,25,PHI,1,5.0,2.0,0.0,0.0,1.000,0.0,1.000,0.0,1.0,0.0
Charles Bassey,C,25,BOS,4,2.8,2.0,1.3,0.0,.750,0.0,.750,0.3,0.5,0.3
Lindy Waters III,SG,28,SAS,39,7.2,2.4,0.7,0.5,.372,.338,.523,0.1,0.0,0.2
Chris Boucher,PF,33,BOS,9,10.4,2.3,2.0,0.3,.320,.133,.360,0.6,0.8,0.1
Yang Hansen,C,20,POR,41,7.2,2.3,1.6,0.5,.310,.119,.335,0.1,0.2,0.8
Luke Travers,SG,24,CLE,12,8.6,2.3,2.0,0.8,.250,.063,.264,0.6,0.3,0.3
Chris Youngblood,SG,23,2TM,33,5.5,2.2,0.8,0.4,.349,.333,.492,0.1,0.1,0.1
Chris Youngblood,SG,23,OKC,32,5.4,2.0,0.9,0.3,.333,.314,.467,0.1,0.1,0.1
Chris Youngblood,SG,23,POR,1,9.0,6.0,0.0,1.0,.667,.667,1.000,0.0,0.0,0.0
Tristan Enaruna,SF,24,CLE,6,5.7,2.2,1.5,0.5,.375,.200,.406,0.2,0.0,0.3
Jeff Green,PF,39,HOU,28,5.1,2.2,0.7,0.2,.404,.308,.509,0.0,0.0,0.0
Bronny James,SG,21,LAL,36,7.6,2.2,0.5,1.1,.380,.361,.462,0.4,0.1,0.4
Hunter Tyson,PF,25,DEN,21,7.7,2.2,1.7,0.8,.269,.212,.337,0.1,0.0,0.2
JD Davison,PG,23,HOU,26,7.1,2.1,0.9,1.1,.389,.286,.463,0.2,0.2,0.3
Maxi Kleber,PF,34,LAL,37,10.7,2.1,1.9,0.6,.468,.273,.516,0.4,0.3,0.4
Omer Yurtseven,C,27,GSW,8,9.4,2.1,2.8,0.5,.294,.000,.294,0.3,0.0,1.0
Dalano Banton,PG,26,2TM,5,5.0,2.0,0.2,0.8,.444,0.0,.444,0.2,0.2,0.4
Dalano Banton,PG,26,LAC,2,5.0,3.0,0.5,1.0,.750,0.0,.750,0.5,0.0,0.5
Dalano Banton,PG,26,BOS,3,5.0,1.3,0.0,0.7,.200,0.0,.200,0.0,0.3,0.3
Colin Castleton,C,25,ORL,1,10.0,2.0,4.0,1.0,.333,0.0,.333,0.0,0.0,2.0
Hunter Dickinson,C,25,NOP,1,5.0,2.0,0.0,0.0,.500,0.0,.500,0.0,1.0,2.0
Trentyn Flowers,SF,20,CHI,2,3.0,2.0,0.5,0.5,.667,.000,.667,0.0,0.0,0.5
Keshon Gilbert,PG,22,WAS,3,16.0,2.0,1.7,1.0,.250,.000,.250,0.7,1.3,2.0
Andre Jackson Jr.,SG,24,MIL,42,7.3,2.0,1.3,0.8,.326,.255,.395,0.4,0.0,0.6
Colby Jones,SG,23,DET,1,7.0,2.0,4.0,2.0,.333,.000,.333,0.0,0.0,0.0
Johnny Juzang,SG,24,MIN,21,4.2,2.0,0.8,0.3,.421,.250,.500,0.1,0.0,0.2
Jordan McLaughlin,PG,29,SAS,40,6.6,2.0,0.7,0.9,.411,.410,.521,0.5,0.1,0.4
Wendell Moore Jr.,SG,24,DET,5,10.8,2.0,1.2,0.6,.571,.000,.571,0.4,0.4,0.2
Alex Morales,PG,28,ORL,1,12.0,2.0,3.0,4.0,.500,0.0,.500,0.0,0.0,2.0
Zyon Pullin,SG,24,MIN,2,3.0,2.0,0.0,1.5,1.000,0.0,1.000,0.5,0.0,1.0
Payton Sandfort,SF,23,OKC,2,3.5,2.0,1.0,0.0,.200,.250,.300,0.0,0.0,0.5
Caleb Houstan,SF,23,ATL,16,4.3,1.9,0.4,0.2,.455,.444,.636,0.1,0.1,0.3
TyTy Washington Jr.,PG,24,LAC,11,6.1,1.9,0.3,1.4,.500,.375,.583,0.4,0.2,0.3
Ariel Hukporti,C,23,NYK,50,8.7,1.8,2.7,0.5,.541,.250,.549,0.2,0.5,0.6
Harrison Ingram,SF,23,SAS,5,3.4,1.8,0.6,0.2,.800,1.000,.900,0.0,0.0,0.0
Bobi Klintman,SF,22,DET,12,5.9,1.8,1.6,0.5,.333,.308,.407,0.3,0.0,0.5
Isaiah Livers,PF,27,PHO,36,9.6,1.8,1.7,0.6,.344,.300,.438,0.4,0.2,0.3
Cody Martin,SF,30,IND,4,13.8,1.8,3.5,0.5,.200,.000,.200,1.0,0.5,1.0
Kevin McCullar Jr.,SF,24,NYK,20,6.5,1.8,1.3,1.0,.389,.333,.472,0.4,0.0,0.6
Orlando Robinson,C,25,ORL,4,6.3,1.8,1.0,0.8,.600,.500,.700,0.3,0.0,0.0
Jahmir Young,PG,25,MIA,11,4.6,1.8,0.4,0.5,.364,.250,.409,0.1,0.0,0.3
Mason Plumlee,C,35,2TM,18,8.3,1.6,2.8,1.1,.769,0.0,.769,0.5,0.0,0.6
Mason Plumlee,C,35,CHO,14,8.9,1.9,2.9,1.1,.750,0.0,.750,0.4,0.0,0.6
Mason Plumlee,C,35,SAS,4,6.3,0.8,2.5,0.8,1.000,0.0,1.000,0.8,0.0,0.5
Jonathan Mogbo,PF,24,TOR,34,6.3,1.6,1.8,0.6,.561,.000,.561,0.3,0.2,0.3
Lachlan Olbrich,C,22,CHI,30,6.6,1.6,2.0,0.6,.500,.222,.528,0.2,0.1,0.3
Jacob Toppin,SF,25,ATL,5,3.4,1.6,0.2,0.2,.667,0.0,.667,0.0,0.2,0.0
Buddy Boeheim,SF,26,OKC,4,3.8,1.5,0.0,0.0,.333,.333,.500,0.0,0.0,0.0
Rocco Zikarsky,C,19,MIN,4,4.0,1.5,1.3,0.0,.600,0.0,.600,0.0,0.8,0.0
Adou Thiero,SF,21,LAL,21,5.1,1.4,1.0,0.3,.455,.000,.455,0.2,0.1,0.2
Xavier Tillman Sr.,C,27,2TM,27,6.0,1.3,1.4,0.4,.390,.167,.427,0.3,0.1,0.3
Xavier Tillman Sr.,C,27,BOS,14,7.9,2.2,1.8,0.4,.452,.200,.500,0.4,0.1,0.4
Xavier Tillman Sr.,C,27,CHO,13,3.8,0.4,1.0,0.5,.200,.000,.200,0.2,0.1,0.2
Brooks Barnhizer,SG,23,OKC,36,7.7,1.3,1.8,0.5,.380,.294,.430,0.2,0.1,0.2
Isaiah Crawford,SF,24,HOU,13,5.8,1.3,0.8,0.3,.333,.200,.389,0.2,0.2,0.2
Nigel Hayes-Davis,SF,31,PHO,27,7.2,1.3,1.2,0.3,.326,.125,.348,0.3,0.1,0.3
Curtis Jones,SG,24,DEN,7,4.7,1.3,0.7,0.6,.286,.111,.321,0.1,0.0,0.1
Kyle Lowry,PG,39,PHI,13,8.7,1.3,0.7,0.8,.200,.200,.300,0.2,0.2,0.3
Amari Williams,PF,24,BOS,21,6.5,1.3,1.9,0.4,.474,0.0,.474,0.1,0.5,0.5
Isaac Jones,PF,25,2TM,6,4.3,1.2,0.8,0.2,.500,.000,.500,0.0,0.2,0.0
Isaac Jones,PF,25,SAC,3,5.7,1.0,0.7,0.3,.500,.000,.500,0.0,0.0,0.0
Isaac Jones,PF,25,DET,3,3.0,1.3,1.0,0.0,.500,.000,.500,0.0,0.3,0.0
Thanasis Antetokounmpo,SF,33,MIL,30,3.7,1.2,0.9,0.3,.478,.000,.478,0.3,0.2,0.3
Javonte Cooke,SG,26,POR,19,4.9,1.2,1.0,0.4,.220,.130,.256,0.3,0.0,0.5
Dillon Jones,SF,24,NYK,6,4.5,1.2,1.0,0.7,.167,.250,.250,0.3,0.0,0.0
Pacôme Dadiet,SG,20,NYK,26,3.7,1.1,0.8,0.4,.300,.238,.383,0.1,0.0,0.1
CJ Huntley,SF,24,PHO,2,3.5,1.0,0.0,0.5,.500,0.0,.500,0.0,0.0,0.0
David Roddy,PF,24,DEN,2,6.0,1.0,2.0,1.0,.000,.000,.000,0.5,0.0,0.0
Hunter Sallis,SG,22,PHI,7,3.7,1.0,0.1,0.6,.600,0.0,.600,0.0,0.1,0.7
Dario Šarić,C,31,SAC,5,8.2,1.0,1.2,0.4,.167,.333,.250,0.0,0.0,0.4
Olivier Sarr,C,26,CLE,1,4.0,1.0,0.0,0.0,0.0,0.0,0.0,0.0,0.0,0.0
Stanley Umude,SG,26,SAS,2,3.5,1.0,0.0,0.5,.500,.000,.500,0.5,0.0,0.0
Bismack Biyombo,C,33,SAS,23,5.8,0.9,1.0,0.2,.571,0.0,.571,0.2,0.0,0.3
Johni Broome,C,23,PHI,11,5.0,0.9,1.5,0.4,.167,.000,.167,0.3,0.2,0.3
N'Faly Dante,C,24,ATL,4,3.8,0.8,1.8,0.0,.250,0.0,.250,0.5,0.0,0.3
Markelle Fultz,PG,27,TOR,5,7.2,0.8,0.2,1.6,.182,0.0,.182,0.4,0.0,0.8
Vladislav Goldin,C,24,MIA,5,2.8,0.8,0.8,0.4,.667,0.0,.667,0.0,0.2,0.2
Joe Ingles,SF,38,MIN,25,4.1,0.8,0.4,0.8,.538,.375,.654,0.3,0.0,0.4
Trey Jemison,C,26,NYK,11,5.5,0.8,1.5,0.3,.571,0.0,.571,0.1,0.2,0.5
Drew Peterson,PF,26,CHO,6,10.7,0.8,1.5,0.3,.125,.000,.125,0.5,0.2,0.0
Garrett Temple,SG,39,TOR,21,3.3,0.7,0.4,0.4,.214,.182,.286,0.1,0.1,0.3
Max Shulga,SG,23,BOS,8,1.6,0.5,0.1,0.3,.250,.000,.250,0.0,0.0,0.1
John Tonje,SG,24,BOS,5,2.4,0.4,0.4,0.2,.000,.000,.000,0.2,0.0,0.0
Chris Mañon,SG,24,LAL,6,4.2,0.3,1.0,0.2,.000,.000,.000,0.5,0.3,0.2
Jahmyl Telfort,PF,24,LAC,8,4.0,0.1,0.4,0.1,.000,.000,.000,0.1,0.0,0.1
Darius Brown II,SG,26,CLE,1,3.0,0.0,1.0,0.0,.000,0.0,.000,0.0,0.0,0.0
Noa Essengue,PF,19,CHI,2,3.0,0.0,0.0,0.0,.000,.000,.000,0.5,0.0,0.0
Tosan Evbuomwan,SF,24,NYK,5,1.6,0.0,0.4,0.0,.000,0.0,.000,0.0,0.0,0.0
Enrique Freeman,PF,25,MIN,2,4.0,0.0,1.5,0.0,0.0,0.0,0.0,0.0,0.5,0.0
Chucky Hepburn,PG,22,TOR,2,6.5,0.0,0.5,1.0,.000,.000,.000,0.5,0.0,0.5
Trevor Keels,SG,22,MIA,4,1.3,0.0,0.5,0.0,.000,.000,.000,0.0,0.0,0.0
League Average,,0.0,,0.0,0.0,0.0,0.0,0.0,.470,.359,.545,0.0,0.0,0.0
